{"start_time": 1753123410.242719, "stage0": [{"host_job_create_tstamp": 1753123410.2435863, "host_job_serialize_time": 0.003243, "func_data_size_bytes": 260, "func_module_size_bytes": 1684, "host_func_upload_time": 0.26853, "host_data_upload_time": 0.33691, "host_job_created_time": 0.608984, "host_status_done_tstamp": 1753123427.7587929, "host_status_query_count": 7, "worker_start_tstamp": 1753123415.1119926, "host_submit_tstamp": 1753123410.8528132, "worker_cold_start": true, "worker_func_cpu_usage": [76.6, 72.6, 77.7, 74.6, 53.2, 82.6, 61.0, 51.5, 75.9, 75.4, 47.2, 81.6, 50.6, 78.9, 56.4, 64.8], "worker_func_cpu_system_time": 363.36, "worker_func_cpu_user_time": 1079.23, "worker_func_sent_net_io": 7817, "worker_func_recv_net_io": 6237, "worker_func_rss": 74031104, "worker_func_vms": 691912704, "worker_func_uss": 53288960, "worker_peak_memory_start": 54730752.0, "worker_func_start_tstamp": 1753123416.1072116, "worker_func_end_tstamp": 1753123427.2132692, "worker_func_exec_time": 11.10605764, "func_result_size": 46.0, "worker_result_upload_time": 0.0, "worker_peak_memory_end": 122949632.0, "worker_end_tstamp": 1753123427.2300313, "worker_exec_time": 12.11803865, "host_result_done_tstamp": 1753123428.357743, "host_result_query_count": 0}, {"host_job_create_tstamp": 1753123410.2435863, "host_job_serialize_time": 0.003243, "func_data_size_bytes": 260, "func_module_size_bytes": 1684, "host_func_upload_time": 0.26853, "host_data_upload_time": 0.33691, "host_job_created_time": 0.608984, "host_status_done_tstamp": 1753123428.4268293, "host_status_query_count": 8, "worker_start_tstamp": 1753123415.8673174, "host_submit_tstamp": 1753123410.8528132, "worker_cold_start": true, "worker_func_cpu_usage": [73.9, 71.0, 75.3, 76.1, 49.1, 80.9, 58.3, 49.0, 73.2, 72.7, 43.2, 78.4, 47.8, 76.5, 53.4, 62.7], "worker_func_cpu_system_time": 363.53, "worker_func_cpu_user_time": 1079.98, "worker_func_sent_net_io": 7797, "worker_func_recv_net_io": 6417, "worker_func_rss": 74379264, "worker_func_vms": 691826688, "worker_func_uss": 75177984, "worker_peak_memory_start": 54587392.0, "worker_func_start_tstamp": 1753123417.045846, "worker_func_end_tstamp": 1753123427.7319875, "worker_func_exec_time": 10.68614149, "func_result_size": 46.0, "worker_result_upload_time": 0.0, "worker_peak_memory_end": 122994688.0, "worker_end_tstamp": 1753123427.7439134, "worker_exec_time": 11.87659597, "host_result_done_tstamp": 1753123429.3641708, "host_result_query_count": 0}, {"host_job_create_tstamp": 1753123410.2435863, "host_job_serialize_time": 0.003243, "func_data_size_bytes": 260, "func_module_size_bytes": 1684, "host_func_upload_time": 0.26853, "host_data_upload_time": 0.33691, "host_job_created_time": 0.608984, "host_status_done_tstamp": 1753123427.7537923, "host_status_query_count": 7, "worker_start_tstamp": 1753123415.5301955, "host_submit_tstamp": 1753123410.8528132, "worker_cold_start": true, "worker_func_cpu_usage": [84.7, 82.8, 83.1, 76.1, 58.5, 92.6, 63.0, 57.6, 82.3, 89.3, 54.1, 78.5, 48.4, 94.0, 63.4, 77.1], "worker_func_cpu_system_time": 361.68, "worker_func_cpu_user_time": 1069.3, "worker_func_sent_net_io": 7817, "worker_func_recv_net_io": 6417, "worker_func_rss": 74022912, "worker_func_vms": 691908608, "worker_func_uss": 51933184, "worker_peak_memory_start": 54812672.0, "worker_func_start_tstamp": 1753123416.7092462, "worker_func_end_tstamp": 1753123425.1958103, "worker_func_exec_time": 8.48656416, "func_result_size": 46.0, "worker_result_upload_time": 0.0, "worker_peak_memory_end": 122945536.0, "worker_end_tstamp": 1753123425.2141845, "worker_exec_time": 9.68398905, "host_result_done_tstamp": 1753123428.3589845, "host_result_query_count": 0}, {"host_job_create_tstamp": 1753123410.2435863, "host_job_serialize_time": 0.003243, "func_data_size_bytes": 260, "func_module_size_bytes": 1684, "host_func_upload_time": 0.26853, "host_data_upload_time": 0.33691, "host_job_created_time": 0.608984, "host_status_done_tstamp": 1753123424.511818, "host_status_query_count": 5, "worker_start_tstamp": 1753123415.6826923, "host_submit_tstamp": 1753123410.8528132, "worker_cold_start": true, "worker_func_cpu_usage": [87.6, 83.7, 81.3, 78.0, 58.8, 96.0, 58.9, 61.0, 80.4, 98.4, 57.0, 75.4, 47.9, 97.1, 59.9, 83.4], "worker_func_cpu_system_time": 360.85, "worker_func_cpu_user_time": 1059.81, "worker_func_sent_net_io": 7727, "worker_func_recv_net_io": 6327, "worker_func_rss": 74113024, "worker_func_vms": 691908608, "worker_func_uss": 51990528, "worker_peak_memory_start": 54681600.0, "worker_func_start_tstamp": 1753123416.674354, "worker_func_end_tstamp": 1753123424.1687298, "worker_func_exec_time": 7.49437571, "func_result_size": 46.0, "worker_result_upload_time": 0.0, "worker_peak_memory_end": 122847232.0, "worker_end_tstamp": 1753123424.1930134, "worker_exec_time": 8.51032114, "host_result_done_tstamp": 1753123425.3450403, "host_result_query_count": 0}, {"host_job_create_tstamp": 1753123410.2435863, "host_job_serialize_time": 0.003243, "func_data_size_bytes": 260, "func_module_size_bytes": 1684, "host_func_upload_time": 0.26853, "host_data_upload_time": 0.33691, "host_job_created_time": 0.608984, "host_status_done_tstamp": 1753123427.7550516, "host_status_query_count": 7, "worker_start_tstamp": 1753123416.0058503, "host_submit_tstamp": 1753123410.8528132, "worker_cold_start": true, "worker_func_cpu_usage": [83.6, 76.5, 85.1, 75.1, 53.6, 94.2, 66.1, 55.4, 84.5, 83.7, 49.1, 80.8, 48.8, 88.6, 59.6, 72.5], "worker_func_cpu_system_time": 362.18, "worker_func_cpu_user_time": 1075.13, "worker_func_sent_net_io": 7977, "worker_func_recv_net_io": 6417, "worker_func_rss": 74186752, "worker_func_vms": 691912704, "worker_func_uss": 51998720, "worker_peak_memory_start": 54710272.0, "worker_func_start_tstamp": 1753123417.127195, "worker_func_end_tstamp": 1753123425.999031, "worker_func_exec_time": 8.87183619, "func_result_size": 46.0, "worker_result_upload_time": 0.0, "worker_peak_memory_end": 122912768.0, "worker_end_tstamp": 1753123426.022554, "worker_exec_time": 10.01670361, "host_result_done_tstamp": 1753123428.358126, "host_result_query_count": 0}, {"host_job_create_tstamp": 1753123410.2435863, "host_job_serialize_time": 0.003243, "func_data_size_bytes": 260, "func_module_size_bytes": 1684, "host_func_upload_time": 0.26853, "host_data_upload_time": 0.33691, "host_job_created_time": 0.608984, "host_status_done_tstamp": 1753123427.7523632, "host_status_query_count": 7, "worker_start_tstamp": 1753123415.2555678, "host_submit_tstamp": 1753123410.8528132, "worker_cold_start": true, "worker_func_cpu_usage": [82.6, 76.3, 83.9, 72.5, 55.5, 90.2, 65.7, 55.5, 82.5, 82.6, 50.9, 79.9, 50.2, 86.4, 60.2, 71.2], "worker_func_cpu_system_time": 362.32, "worker_func_cpu_user_time": 1075.77, "worker_func_sent_net_io": 7727, "worker_func_recv_net_io": 6237, "worker_func_rss": 74346496, "worker_func_vms": 691916800, "worker_func_uss": 52006912, "worker_peak_memory_start": 54812672.0, "worker_func_start_tstamp": 1753123416.1975322, "worker_func_end_tstamp": 1753123426.0849183, "worker_func_exec_time": 9.88738608, "func_result_size": 46.0, "worker_result_upload_time": 0.0, "worker_peak_memory_end": 123183104.0, "worker_end_tstamp": 1753123426.155784, "worker_exec_time": 10.9002161, "host_result_done_tstamp": 1753123428.359836, "host_result_query_count": 0}, {"host_job_create_tstamp": 1753123410.2435863, "host_job_serialize_time": 0.003243, "func_data_size_bytes": 260, "func_module_size_bytes": 1684, "host_func_upload_time": 0.26853, "host_data_upload_time": 0.33691, "host_job_created_time": 0.608984, "host_status_done_tstamp": 1753123425.4034579, "host_status_query_count": 6, "worker_start_tstamp": 1753123415.346747, "host_submit_tstamp": 1753123410.8528132, "worker_cold_start": true, "worker_func_cpu_usage": [83.9, 84.5, 81.8, 76.5, 60.2, 92.0, 62.6, 58.3, 81.4, 90.9, 54.9, 77.8, 47.6, 95.5, 63.7, 77.5], "worker_func_cpu_system_time": 361.5, "worker_func_cpu_user_time": 1067.23, "worker_func_sent_net_io": 7817,