{"start_time": 1753123335.4835174, "stage0": [{"host_job_create_tstamp": 1753123335.483801, "host_job_serialize_time": 0.001411, "func_data_size_bytes": 260, "func_module_size_bytes": 1684, "host_func_upload_time": 0.270719, "host_data_upload_time": 0.275723, "host_job_created_time": 0.54802, "host_status_done_tstamp": 1753123352.374603, "host_status_query_count": 7, "worker_start_tstamp": 1753123342.4213493, "host_submit_tstamp": 1753123336.0319986, "worker_cold_start": true, "worker_func_cpu_usage": [64.6, 62.6, 78.6, 21.5, 78.9, 29.6, 41.4, 78.9, 49.4, 45.7, 39.2, 29.0, 26.1, 92.7, 26.0, 95.7], "worker_func_cpu_system_time": 309.62, "worker_func_cpu_user_time": 779.3, "worker_func_sent_net_io": 7727, "worker_func_recv_net_io": 6237, "worker_func_rss": 73666560, "worker_func_vms": 691916800, "worker_func_uss": 51949568, "worker_peak_memory_start": 54812672.0, "worker_func_start_tstamp": 1753123343.4233837, "worker_func_end_tstamp": 1753123351.08394, "worker_func_exec_time": 7.66055632, "func_result_size": 46.0, "worker_result_upload_time": 0.0, "worker_peak_memory_end": 122765312.0, "worker_end_tstamp": 1753123351.250709, "worker_exec_time": 8.82935977, "host_result_done_tstamp": 1753123352.8120852, "host_result_query_count": 0}, {"host_job_create_tstamp": 1753123335.483801, "host_job_serialize_time": 0.001411, "func_data_size_bytes": 260, "func_module_size_bytes": 1684, "host_func_upload_time": 0.270719, "host_data_upload_time": 0.275723, "host_job_created_time": 0.54802, "host_status_done_tstamp": 1753123348.6132648, "host_status_query_count": 4, "worker_start_tstamp": 1753123341.3187764, "host_submit_tstamp": 1753123336.0319986, "worker_cold_start": true, "worker_func_cpu_usage": [8.7, 8.1, 75.1, 18.6, 47.6, 49.7, 8.7, 7.0, 16.4, 80.6, 5.7, 2.9, 83.5, 2.2, 15.3, 3.4], "worker_func_cpu_system_time": 1400.95, "worker_func_cpu_user_time": 4352.77, "worker_func_sent_net_io": 7977, "worker_func_recv_net_io": 6417, "worker_func_rss": 74465280, "worker_func_vms": 691916800, "worker_func_uss": 52563968, "worker_peak_memory_start": 54550528.0, "worker_func_start_tstamp": 1753123342.041885, "worker_func_end_tstamp": 1753123348.207552, "worker_func_exec_time": 6.16566706, "func_result_size": 46.0, "worker_result_upload_time": 0.0, "worker_peak_memory_end": 123633664.0, "worker_end_tstamp": 1753123348.2318995, "worker_exec_time": 6.91312313, "host_result_done_tstamp": 1753123348.7990415, "host_result_query_count": 0}, {"host_job_create_tstamp": 1753123335.483801, "host_job_serialize_time": 0.001411, "func_data_size_bytes": 260, "func_module_size_bytes": 1684, "host_func_upload_time": 0.270719, "host_data_upload_time": 0.275723, "host_job_created_time": 0.54802, "host_status_done_tstamp": 1753123349.3099842, "host_status_query_count": 5, "worker_start_tstamp": 1753123341.5034657, "host_submit_tstamp": 1753123336.0319986, "worker_cold_start": true, "worker_func_cpu_usage": [9.3, 8.0, 74.2, 18.4, 46.5, 52.5, 10.2, 5.2, 15.2, 82.2, 6.7, 2.3, 82.1, 2.0, 15.7, 3.2], "worker_func_cpu_system_time": 1401.08, "worker_func_cpu_user_time": 4353.55, "worker_func_sent_net_io": 7817, "worker_func_recv_net_io": 6237, "worker_func_rss": 74620928, "worker_func_vms": 691826688, "worker_func_uss": 52088832, "worker_peak_memory_start": 54550528.0, "worker_func_start_tstamp": 1753123342.2589917, "worker_func_end_tstamp": 1753123348.4615777, "worker_func_exec_time": 6.20258594, "func_result_size": 46.0, "worker_result_upload_time": 0.0, "worker_peak_memory_end": 123379712.0, "worker_end_tstamp": 1753123348.4855208, "worker_exec_time": 6.98205519, "host_result_done_tstamp": 1753123349.8027031, "host_result_query_count": 0}, {"host_job_create_tstamp": 1753123335.483801, "host_job_serialize_time": 0.001411, "func_data_size_bytes": 260, "func_module_size_bytes": 1684, "host_func_upload_time": 0.270719, "host_data_upload_time": 0.275723, "host_job_created_time": 0.54802, "host_status_done_tstamp": 1753123349.3116698, "host_status_query_count": 5, "worker_start_tstamp": 1753123341.5409887, "host_submit_tstamp": 1753123336.0319986, "worker_cold_start": true, "worker_func_cpu_usage": [9.4, 8.4, 72.7, 18.3, 45.5, 53.3, 10.0, 5.2, 15.2, 80.5, 6.7, 2.6, 80.8, 3.5, 17.9, 3.4], "worker_func_cpu_system_time": 1401.2, "worker_func_cpu_user_time": 4354.18, "worker_func_sent_net_io": 7817, "worker_func_recv_net_io": 6237, "worker_func_rss": 74481664, "worker_func_vms": 691908608, "worker_func_uss": 52391936, "worker_peak_memory_start": 54558720.0, "worker_func_start_tstamp": 1753123342.2804658, "worker_func_end_tstamp": 1753123348.6580243, "worker_func_exec_time": 6.37755847, "func_result_size": 46.0, "worker_result_upload_time": 0.0, "worker_peak_memory_end": 122904576.0, "worker_end_tstamp": 1753123348.6821022, "worker_exec_time": 7.14111352, "host_result_done_tstamp": 1753123349.802467, "host_result_query_count": 0}, {"host_job_create_tstamp": 1753123335.483801, "host_job_serialize_time": 0.001411, "func_data_size_bytes": 260, "func_module_size_bytes": 1684, "host_func_upload_time": 0.270719, "host_data_upload_time": 0.275723, "host_job_created_time": 0.54802, "host_status_done_tstamp": 1753123353.1342435, "host_status_query_count": 8, "worker_start_tstamp": 1753123342.9535947, "host_submit_tstamp": 1753123336.0319986, "worker_cold_start": true, "worker_func_cpu_usage": [60.7, 54.7, 74.7, 16.5, 73.5, 26.8, 33.6, 73.9, 43.5, 49.8, 36.0, 22.6, 23.3, 93.6, 25.4, 88.2], "worker_func_cpu_system_time": 310.61, "worker_func_cpu_user_time": 783.05, "worker_func_sent_net_io": 7727, "worker_func_recv_net_io": 6237, "worker_func_rss": 74072064, "worker_func_vms": 691826688, "worker_func_uss": 74981376, "worker_peak_memory_start": 54718464.0, "worker_func_start_tstamp": 1753123344.6305141, "worker_func_end_tstamp": 1753123352.3542712, "worker_func_exec_time": 7.72375703, "func_result_size": 46.0, "worker_result_upload_time": 0.0, "worker_peak_memory_end": 122765312.0, "worker_end_tstamp": 1753123352.3711872, "worker_exec_time": 9.41759253, "host_result_done_tstamp": 1753123353.816995, "host_result_query_count": 0}, {"host_job_create_tstamp": 1753123335.483801, "host_job_serialize_time": 0.001411, "func_data_size_bytes": 260, "func_module_size_bytes": 1684, "host_func_upload_time": 0.270719, "host_data_upload_time": 0.275723, "host_job_created_time": 0.54802, "host_status_done_tstamp": 1753123352.286775, "host_status_query_count": 7, "worker_start_tstamp": 1753123342.1627426, "host_submit_tstamp": 1753123336.0319986, "worker_cold_start": true, "worker_func_cpu_usage": [63.8, 61.8, 77.3, 22.1, 77.6, 31.4, 42.5, 78.6, 49.2, 45.1, 39.6, 29.5, 27.4, 91.8, 26.8, 94.1], "worker_func_cpu_system_time": 309.62, "worker_func_cpu_user_time": 779.29, "worker_func_sent_net_io": 7817, "worker_func_recv_net_io": 6237, "worker_func_rss": 74129408, "worker_func_vms": 691916800, "worker_func_uss": 51982336, "worker_peak_memory_start": 54685696.0, "worker_func_start_tstamp": 1753123343.1436083, "worker_func_end_tstamp": 1753123351.1743948, "worker_func_exec_time": 8.03078651, "func_result_size": 46.0, "worker_result_upload_time": 0.0, "worker_peak_memory_end": 122191872.0, "worker_end_tstamp": 1753123351.2504292, "worker_exec_time": 9.08768654, "host_result_done_tstamp": 1753123352.8130178, "host_result_query_count": 0}, {"host_job_create_tstamp": 1753123335.483801, "host_job_serialize_time": 0.001411, "func_data_size_bytes": 260, "func_module_size_bytes": 1684, "host_func_upload_time": 0.270719, "host_data_upload_time": 0.275723, "host_job_created_time": 0.54802, "host_status_done_tstamp": 1753123348.6424859, "host_status_query_count": 4, "worker_start_tstamp": 1753123341.3185017, "host_submit_tstamp": 1753123336.0319986, "worker_cold_start": true, "worker_func_cpu_usage": [9.5, 7.8, 73.0, 18.2, 46.5, 51.1, 10.4, 7.0, 16.2, 80.6, 7.0, 3.0, 81.2, 2.1, 15.1, 3.3], "worker_func_cpu_system_time": 1401.03, "worker_func_cpu_user_time": 4353.46, "worker_func_sent_net_io": 7977, "worker_func_recv_net_io": 6237,