{"start_time": 1753123361.883133, "stage0": [{"host_job_create_tstamp": 1753123361.8838282, "host_job_serialize_time": 0.002212, "func_data_size_bytes": 260, "func_module_size_bytes": 1684, "host_func_upload_time": 0.35735, "host_data_upload_time": 0.254246, "host_job_created_time": 0.614014, "host_status_done_tstamp": 1753123383.2003534, "host_status_query_count": 8, "worker_start_tstamp": 1753123373.7491782, "host_submit_tstamp": 1753123362.4981296, "worker_cold_start": true, "worker_func_cpu_usage": [55.2, 65.0, 75.4, 18.9, 29.5, 72.2, 44.9, 47.3, 80.3, 9.2, 37.3, 62.8, 41.2, 70.0, 32.9, 69.4], "worker_func_cpu_system_time": 333.58, "worker_func_cpu_user_time": 895.65, "worker_func_sent_net_io": 7727, "worker_func_recv_net_io": 6237, "worker_func_rss": 74301440, "worker_func_vms": 691843072, "worker_func_uss": 52015104, "worker_peak_memory_start": 54579200.0, "worker_func_start_tstamp": 1753123375.583546, "worker_func_end_tstamp": 1753123382.9633555, "worker_func_exec_time": 7.37980962, "func_result_size": 46.0, "worker_result_upload_time": 0.0, "worker_peak_memory_end": 123224064.0, "worker_end_tstamp": 1753123382.9807196, "worker_exec_time": 9.2315414, "host_result_done_tstamp": 1753123383.7037337, "host_result_query_count": 0}, {"host_job_create_tstamp": 1753123361.8838282, "host_job_serialize_time": 0.002212, "func_data_size_bytes": 260, "func_module_size_bytes": 1684, "host_func_upload_time": 0.35735, "host_data_upload_time": 0.254246, "host_job_created_time": 0.614014, "host_status_done_tstamp": 1753123383.3106825, "host_status_query_count": 8, "worker_start_tstamp": 1753123373.8327944, "host_submit_tstamp": 1753123362.4981296, "worker_cold_start": true, "worker_func_cpu_usage": [54.1, 71.1, 80.6, 20.2, 31.6, 75.8, 49.0, 51.5, 84.8, 9.9, 40.9, 66.5, 44.4, 72.3, 34.5, 76.0], "worker_func_cpu_system_time": 333.35, "worker_func_cpu_user_time": 894.51, "worker_func_sent_net_io": 7727, "worker_func_recv_net_io": 6237, "worker_func_rss": 74125312, "worker_func_vms": 691843072, "worker_func_uss": 52109312, "worker_peak_memory_start": 54546432.0, "worker_func_start_tstamp": 1753123375.492776, "worker_func_end_tstamp": 1753123382.6498964, "worker_func_exec_time": 7.15712047, "func_result_size": 46.0, "worker_result_upload_time": 0.0, "worker_peak_memory_end": 123072512.0, "worker_end_tstamp": 1753123382.666772, "worker_exec_time": 8.83397746, "host_result_done_tstamp": 1753123383.702242, "host_result_query_count": 0}, {"host_job_create_tstamp": 1753123361.8838282, "host_job_serialize_time": 0.002212, "func_data_size_bytes": 260, "func_module_size_bytes": 1684, "host_func_upload_time": 0.35735, "host_data_upload_time": 0.254246, "host_job_created_time": 0.614014, "host_status_done_tstamp": 1753123383.1918797, "host_status_query_count": 8, "worker_start_tstamp": 1753123372.6722822, "host_submit_tstamp": 1753123362.4981296, "worker_cold_start": true, "worker_func_cpu_usage": [53.7, 65.4, 71.7, 22.1, 30.4, 66.3, 45.2, 49.5, 75.7, 9.9, 37.3, 58.0, 37.4, 68.7, 32.8, 65.0], "worker_func_cpu_system_time": 333.04, "worker_func_cpu_user_time": 892.65, "worker_func_sent_net_io": 7727, "worker_func_recv_net_io": 6237, "worker_func_rss": 73879552, "worker_func_vms": 691843072, "worker_func_uss": 51924992, "worker_peak_memory_start": 54542336.0, "worker_func_start_tstamp": 1753123374.4444625, "worker_func_end_tstamp": 1753123382.3304229, "worker_func_exec_time": 7.88596034, "func_result_size": 46.0, "worker_result_upload_time": 0.0, "worker_peak_memory_end": 123404288.0, "worker_end_tstamp": 1753123382.3450108, "worker_exec_time": 9.67272854, "host_result_done_tstamp": 1753123383.7025907, "host_result_query_count": 0}, {"host_job_create_tstamp": 1753123361.8838282, "host_job_serialize_time": 0.002212, "func_data_size_bytes": 260, "func_module_size_bytes": 1684, "host_func_upload_time": 0.35735, "host_data_upload_time": 0.254246, "host_job_created_time": 0.614014, "host_status_done_tstamp": 1753123383.196339, "host_status_query_count": 8, "worker_start_tstamp": 1753123372.7814245, "host_submit_tstamp": 1753123362.4981296, "worker_cold_start": true, "worker_func_cpu_usage": [58.7, 62.9, 69.7, 23.2, 27.9, 71.5, 49.1, 44.8, 78.7, 10.0, 40.8, 54.3, 31.3, 73.7, 35.5, 61.9], "worker_func_cpu_system_time": 332.74, "worker_func_cpu_user_time": 886.47, "worker_func_sent_net_io": 7727, "worker_func_recv_net_io": 6237, "worker_func_rss": 73936896, "worker_func_vms": 691822592, "worker_func_uss": 52015104, "worker_peak_memory_start": 54583296.0, "worker_func_start_tstamp": 1753123374.404775, "worker_func_end_tstamp": 1753123381.4854894, "worker_func_exec_time": 7.08071446, "func_result_size": 46.0, "worker_result_upload_time": 0.0, "worker_peak_memory_end": 123465728.0, "worker_end_tstamp": 1753123381.5000896, "worker_exec_time": 8.71866512, "host_result_done_tstamp": 1753123383.7057393, "host_result_query_count": 0}, {"host_job_create_tstamp": 1753123361.8838282, "host_job_serialize_time": 0.002212, "func_data_size_bytes": 260, "func_module_size_bytes": 1684, "host_func_upload_time": 0.35735, "host_data_upload_time": 0.254246, "host_job_created_time": 0.614014, "host_status_done_tstamp": 1753123401.023324, "host_status_query_count": 17, "worker_start_tstamp": 1753123392.1312106, "host_submit_tstamp": 1753123362.4981296, "worker_cold_start": true, "worker_func_cpu_usage": [43.1, 9.3, 17.9, 15.6, 11.7, 46.7, 19.3, 17.0, 16.2, 31.0, 10.3, 6.2, 47.4, 58.6, 7.7, 7.8], "worker_func_cpu_system_time": 344.42, "worker_func_cpu_user_time": 930.09, "worker_func_sent_net_io": 7727, "worker_func_recv_net_io": 6237, "worker_func_rss": 74145792, "worker_func_vms": 691830784, "worker_func_uss": 52744192, "worker_peak_memory_start": 54677504.0, "worker_func_start_tstamp": 1753123392.9661427, "worker_func_end_tstamp": 1753123399.6332483, "worker_func_exec_time": 6.66710567, "func_result_size": 46.0, "worker_result_upload_time": 0.0, "worker_peak_memory_end": 122929152.0, "worker_end_tstamp": 1753123399.6474361, "worker_exec_time": 7.51622558, "host_result_done_tstamp": 1753123401.741368, "host_result_query_count": 0}, {"host_job_create_tstamp": 1753123361.8838282, "host_job_serialize_time": 0.002212, "func_data_size_bytes": 260, "func_module_size_bytes": 1684, "host_func_upload_time": 0.35735, "host_data_upload_time": 0.254246, "host_job_created_time": 0.614014, "host_status_done_tstamp": 1753123401.0222483, "host_status_query_count": 17, "worker_start_tstamp": 1753123392.1324153, "host_submit_tstamp": 1753123362.4981296, "worker_cold_start": true, "worker_func_cpu_usage": [43.1, 9.2, 17.8, 15.6, 11.7, 46.8, 19.2, 17.1, 16.2, 31.1, 10.3, 6.2, 47.5, 58.6, 7.7, 7.8], "worker_func_cpu_system_time": 344.41, "worker_func_cpu_user_time": 930.08, "worker_func_sent_net_io": 7727, "worker_func_recv_net_io": 6237, "worker_func_rss": 74489856, "worker_func_vms": 691814400, "worker_func_uss": 52817920, "worker_peak_memory_start": 54554624.0, "worker_func_start_tstamp": 1753123392.944055, "worker_func_end_tstamp": 1753123399.6243792, "worker_func_exec_time": 6.68032408, "func_result_size": 46.0, "worker_result_upload_time": 0.0, "worker_peak_memory_end": 123183104.0, "worker_end_tstamp": 1753123399.636857, "worker_exec_time": 7.50444174, "host_result_done_tstamp": 1753123401.7421386, "host_result_query_count": 0}, {"host_job_create_tstamp": 1753123361.8838282, "host_job_serialize_time": 0.002212, "func_data_size_bytes": 260, "func_module_size_bytes": 1684, "host_func_upload_time": 0.35735, "host_data_upload_time": 0.254246, "host_job_created_time": 0.614014, "host_status_done_tstamp": 1753123383.193239, "host_status_query_count": 8, "worker_start_tstamp": 1753123373.8173525, "host_submit_tstamp": 1753123362.4981296, "worker_cold_start": true, "worker_func_cpu_usage": [54.6, 73.2, 82.0, 20.7, 32.6, 75.1, 50.0, 53.1, 86.6, 7.8, 42.1, 65.5, 42.6, 73.9, 34.9, 75.5], "worker_func_cpu_system_time": 333.07, "worker_func_cpu_user_time": 892.97, "worker_func_sent_net_io": 7727, "worker_func_recv_net_io": 6237,