{"start_time": 1753123443.0399382, "stage0": [{"host_job_create_tstamp": 1753123443.0404854, "host_job_serialize_time": 0.002738, "func_data_size_bytes": 260, "func_module_size_bytes": 1684, "host_func_upload_time": 0.281604, "host_data_upload_time": 0.277489, "host_job_created_time": 0.56206, "host_status_done_tstamp": 1753123486.4272492, "host_status_query_count": 19, "worker_start_tstamp": 1753123473.5738285, "host_submit_tstamp": 1753123443.602882, "worker_cold_start": true, "worker_func_cpu_usage": [21.1, 70.0, 68.4, 39.3, 69.0, 91.2, 64.9, 22.9, 56.2, 40.3, 60.2, 49.5, 72.3, 33.5, 53.2, 82.0], "worker_func_cpu_system_time": 386.83, "worker_func_cpu_user_time": 1208.84, "worker_func_sent_net_io": 7727, "worker_func_recv_net_io": 6237, "worker_func_rss": 74289152, "worker_func_vms": 691912704, "worker_func_uss": 75014144, "worker_peak_memory_start": 54718464.0, "worker_func_start_tstamp": 1753123474.5764427, "worker_func_end_tstamp": 1753123485.0501864, "worker_func_exec_time": 10.47374368, "func_result_size": 46.0, "worker_result_upload_time": 0.0, "worker_peak_memory_end": 122830848.0, "worker_end_tstamp": 1753123485.064354, "worker_exec_time": 11.49052548, "host_result_done_tstamp": 1753123486.9894726, "host_result_query_count": 0}, {"host_job_create_tstamp": 1753123443.0404854, "host_job_serialize_time": 0.002738, "func_data_size_bytes": 260, "func_module_size_bytes": 1684, "host_func_upload_time": 0.281604, "host_data_upload_time": 0.277489, "host_job_created_time": 0.56206, "host_status_done_tstamp": 1753123482.645953, "host_status_query_count": 16, "worker_start_tstamp": 1753123473.8786688, "host_submit_tstamp": 1753123443.602882, "worker_cold_start": true, "worker_func_cpu_usage": [23.0, 93.2, 67.3, 42.5, 88.8, 98.3, 84.1, 25.7, 69.6, 51.6, 74.8, 64.2, 70.5, 42.0, 62.2, 96.1], "worker_func_cpu_system_time": 386.08, "worker_func_cpu_user_time": 1198.93, "worker_func_sent_net_io": 7727, "worker_func_recv_net_io": 6237, "worker_func_rss": 74395648, "worker_func_vms": 691916800, "worker_func_uss": 51970048, "worker_peak_memory_start": 54550528.0, "worker_func_start_tstamp": 1753123475.0845141, "worker_func_end_tstamp": 1753123482.3181543, "worker_func_exec_time": 7.23364019, "func_result_size": 46.0, "worker_result_upload_time": 0.0, "worker_peak_memory_end": 123506688.0, "worker_end_tstamp": 1753123482.3306923, "worker_exec_time": 8.45202351, "host_result_done_tstamp": 1753123482.9712658, "host_result_query_count": 0}, {"host_job_create_tstamp": 1753123443.0404854, "host_job_serialize_time": 0.002738, "func_data_size_bytes": 260, "func_module_size_bytes": 1684, "host_func_upload_time": 0.281604, "host_data_upload_time": 0.277489, "host_job_created_time": 0.56206, "host_status_done_tstamp": 1753123486.4289632, "host_status_query_count": 19, "worker_start_tstamp": 1753123473.8206136, "host_submit_tstamp": 1753123443.602882, "worker_cold_start": true, "worker_func_cpu_usage": [21.2, 77.9, 72.7, 35.8, 74.0, 98.6, 70.7, 21.9, 60.3, 43.6, 66.0, 55.1, 75.4, 36.2, 56.7, 91.6], "worker_func_cpu_system_time": 386.46, "worker_func_cpu_user_time": 1206.55, "worker_func_sent_net_io": 7727, "worker_func_recv_net_io": 6237, "worker_func_rss": 74399744, "worker_func_vms": 691912704, "worker_func_uss": 53080064, "worker_peak_memory_start": 54587392.0, "worker_func_start_tstamp": 1753123474.903383, "worker_func_end_tstamp": 1753123484.002953, "worker_func_exec_time": 9.09957004, "func_result_size": 46.0, "worker_result_upload_time": 0.0, "worker_peak_memory_end": 122785792.0, "worker_end_tstamp": 1753123484.0177228, "worker_exec_time": 10.19710922, "host_result_done_tstamp": 1753123486.9899309, "host_result_query_count": 0}, {"host_job_create_tstamp": 1753123443.0404854, "host_job_serialize_time": 0.002738, "func_data_size_bytes": 260, "func_module_size_bytes": 1684, "host_func_upload_time": 0.281604, "host_data_upload_time": 0.277489, "host_job_created_time": 0.56206, "host_status_done_tstamp": 1753123483.3904905, "host_status_query_count": 17, "worker_start_tstamp": 1753123473.2810318, "host_submit_tstamp": 1753123443.602882, "worker_cold_start": true, "worker_func_cpu_usage": [27.5, 86.5, 68.8, 39.9, 82.9, 96.9, 79.0, 27.1, 67.1, 49.9, 74.2, 58.6, 70.3, 40.7, 61.7, 91.9], "worker_func_cpu_system_time": 386.22, "worker_func_cpu_user_time": 1200.97, "worker_func_sent_net_io": 7727, "worker_func_recv_net_io": 6237, "worker_func_rss": 74375168, "worker_func_vms": 691843072, "worker_func_uss": 52113408, "worker_peak_memory_start": 54575104.0, "worker_func_start_tstamp": 1753123474.1919124, "worker_func_end_tstamp": 1753123482.6911688, "worker_func_exec_time": 8.49925637, "func_result_size": 46.0, "worker_result_upload_time": 0.0, "worker_peak_memory_end": 123342848.0, "worker_end_tstamp": 1753123482.7046216, "worker_exec_time": 9.42358971, "host_result_done_tstamp": 1753123483.9774446, "host_result_query_count": 0}, {"host_job_create_tstamp": 1753123443.0404854, "host_job_serialize_time": 0.002738, "func_data_size_bytes": 260, "func_module_size_bytes": 1684, "host_func_upload_time": 0.281604, "host_data_upload_time": 0.277489, "host_job_created_time": 0.56206, "host_status_done_tstamp": 1753123482.6406193, "host_status_query_count": 16, "worker_start_tstamp": 1753123473.8695264, "host_submit_tstamp": 1753123443.602882, "worker_cold_start": true, "worker_func_cpu_usage": [22.6, 93.3, 66.3, 43.7, 91.2, 98.3, 85.5, 26.2, 70.8, 50.8, 75.6, 64.3, 70.3, 42.8, 63.7, 95.8], "worker_func_cpu_system_time": 385.9, "worker_func_cpu_user_time": 1197.21, "worker_func_sent_net_io": 7727, "worker_func_recv_net_io": 6237, "worker_func_rss": 74088448, "worker_func_vms": 691830784, "worker_func_uss": 52031488, "worker_peak_memory_start": 54546432.0, "worker_func_start_tstamp": 1753123474.95366, "worker_func_end_tstamp": 1753123482.0769887, "worker_func_exec_time": 7.12332869, "func_result_size": 46.0, "worker_result_upload_time": 0.0, "worker_peak_memory_end": 123142144.0, "worker_end_tstamp": 1753123482.0925446, "worker_exec_time": 8.22301817, "host_result_done_tstamp": 1753123482.970576, "host_result_query_count": 0}, {"host_job_create_tstamp": 1753123443.0404854, "host_job_serialize_time": 0.002738, "func_data_size_bytes": 260, "func_module_size_bytes": 1684, "host_func_upload_time": 0.281604, "host_data_upload_time": 0.277489, "host_job_created_time": 0.56206, "host_status_done_tstamp": 1753123482.6447952, "host_status_query_count": 16, "worker_start_tstamp": 1753123472.4761379, "host_submit_tstamp": 1753123443.602882, "worker_cold_start": true, "worker_func_cpu_usage": [28.7, 83.6, 67.0, 39.0, 83.2, 91.3, 79.1, 29.1, 63.4, 50.2, 72.8, 57.1, 66.4, 42.0, 67.0, 85.2], "worker_func_cpu_system_time": 385.5, "worker_func_cpu_user_time": 1191.34, "worker_func_sent_net_io": 7727, "worker_func_recv_net_io": 6237, "worker_func_rss": 74264576, "worker_func_vms": 691908608, "worker_func_uss": 51949568, "worker_peak_memory_start": 54550528.0, "worker_func_start_tstamp": 1753123473.6455553, "worker_func_end_tstamp": 1753123481.4365556, "worker_func_exec_time": 7.79100037, "func_result_size": 46.0, "worker_result_upload_time": 0.0, "worker_peak_memory_end": 122724352.0, "worker_end_tstamp": 1753123481.45615, "worker_exec_time": 8.98001218, "host_result_done_tstamp": 1753123482.972437, "host_result_query_count": 0}, {"host_job_create_tstamp": 1753123443.0404854, "host_job_serialize_time": 0.002738, "func_data_size_bytes": 260, "func_module_size_bytes": 1684, "host_func_upload_time": 0.281604, "host_data_upload_time": 0.277489, "host_job_created_time": 0.56206, "host_status_done_tstamp": 1753123482.6439216, "host_status_query_count": 16, "worker_start_tstamp": 1753123473.879224, "host_submit_tstamp": 1753123443.602882, "worker_cold_start": true, "worker_func_cpu_usage": [22.1, 93.2, 66.0, 43.8, 91.9, 98.3, 86.0, 25.9, 70.5, 51.1, 76.0, 63.9, 70.7, 42.8, 64.0, 95.8], "worker_func_cpu_system_time": 385.83, "worker_func_cpu_user_time": 1196.69, "worker_func_sent_net_io": 7727,