{"start_time": 1753123260.9949486, "stage0": [{"host_job_create_tstamp": 1753123260.996235, "host_job_serialize_time": 0.004442, "func_data_size_bytes": 260, "func_module_size_bytes": 1684, "host_func_upload_time": 0.271291, "host_data_upload_time": 0.280246, "host_job_created_time": 0.556295, "host_status_done_tstamp": 1753123282.2132537, "host_status_query_count": 8, "worker_start_tstamp": 1753123270.2254972, "host_submit_tstamp": 1753123261.5528028, "worker_cold_start": true, "worker_func_cpu_usage": [57.5, 78.8, 57.4, 89.3, 82.0, 73.5, 87.9, 98.3, 81.0, 98.5, 80.6, 87.5, 93.0, 76.0, 77.9, 80.5], "worker_func_cpu_system_time": 273.02, "worker_func_cpu_user_time": 637.29, "worker_func_sent_net_io": 7727, "worker_func_recv_net_io": 6237, "worker_func_rss": 73830400, "worker_func_vms": 691912704, "worker_func_uss": 52002816, "worker_peak_memory_start": 54595584.0, "worker_func_start_tstamp": 1753123271.3336358, "worker_func_end_tstamp": 1753123281.0462878, "worker_func_exec_time": 9.71265197, "func_result_size": 46.0, "worker_result_upload_time": 0.0, "worker_peak_memory_end": 122900480.0, "worker_end_tstamp": 1753123281.0586717, "worker_exec_time": 10.83317447, "host_result_done_tstamp": 1753123283.0945113, "host_result_query_count": 0}, {"host_job_create_tstamp": 1753123260.996235, "host_job_serialize_time": 0.004442, "func_data_size_bytes": 260, "func_module_size_bytes": 1684, "host_func_upload_time": 0.271291, "host_data_upload_time": 0.280246, "host_job_created_time": 0.556295, "host_status_done_tstamp": 1753123282.2145047, "host_status_query_count": 8, "worker_start_tstamp": 1753123269.6470735, "host_submit_tstamp": 1753123261.5528028, "worker_cold_start": true, "worker_func_cpu_usage": [58.4, 78.5, 56.2, 89.6, 80.5, 72.6, 84.2, 95.9, 81.7, 97.6, 79.1, 87.0, 91.9, 73.8, 76.4, 81.2], "worker_func_cpu_system_time": 273.32, "worker_func_cpu_user_time": 640.56, "worker_func_sent_net_io": 7727, "worker_func_recv_net_io": 6237, "worker_func_rss": 73867264, "worker_func_vms": 691908608, "worker_func_uss": 51957760, "worker_peak_memory_start": 54681600.0, "worker_func_start_tstamp": 1753123270.7264552, "worker_func_end_tstamp": 1753123281.3862123, "worker_func_exec_time": 10.65975714, "func_result_size": 46.0, "worker_result_upload_time": 0.0, "worker_peak_memory_end": 122601472.0, "worker_end_tstamp": 1753123281.4069307, "worker_exec_time": 11.75985718, "host_result_done_tstamp": 1753123283.0970569, "host_result_query_count": 0}, {"host_job_create_tstamp": 1753123260.996235, "host_job_serialize_time": 0.004442, "func_data_size_bytes": 260, "func_module_size_bytes": 1684, "host_func_upload_time": 0.271291, "host_data_upload_time": 0.280246, "host_job_created_time": 0.556295, "host_status_done_tstamp": 1753123282.215711, "host_status_query_count": 8, "worker_start_tstamp": 1753123267.8669248, "host_submit_tstamp": 1753123261.5528028, "worker_cold_start": true, "worker_func_cpu_usage": [52.8, 73.0, 51.8, 79.2, 72.3, 64.9, 74.9, 86.8, 74.2, 89.3, 72.9, 77.4, 82.5, 67.1, 68.3, 75.3], "worker_func_cpu_system_time": 273.77, "worker_func_cpu_user_time": 643.97, "worker_func_sent_net_io": 7797, "worker_func_recv_net_io": 6237, "worker_func_rss": 74186752, "worker_func_vms": 691830784, "worker_func_uss": 51941376, "worker_peak_memory_start": 54677504.0, "worker_func_start_tstamp": 1753123270.0839198, "worker_func_end_tstamp": 1753123281.8716621, "worker_func_exec_time": 11.78774238, "func_result_size": 46.0, "worker_result_upload_time": 0.0, "worker_peak_memory_end": 123318272.0, "worker_end_tstamp": 1753123281.8874173, "worker_exec_time": 14.02049255, "host_result_done_tstamp": 1753123283.0975332, "host_result_query_count": 0}, {"host_job_create_tstamp": 1753123260.996235, "host_job_serialize_time": 0.004442, "func_data_size_bytes": 260, "func_module_size_bytes": 1684, "host_func_upload_time": 0.271291, "host_data_upload_time": 0.280246, "host_job_created_time": 0.556295, "host_status_done_tstamp": 1753123282.2112021, "host_status_query_count": 8, "worker_start_tstamp": 1753123269.5995107, "host_submit_tstamp": 1753123261.5528028, "worker_cold_start": true, "worker_func_cpu_usage": [58.3, 78.6, 56.0, 89.5, 80.6, 72.3, 83.8, 95.9, 81.8, 97.5, 79.1, 86.8, 91.3, 73.5, 76.2, 81.2], "worker_func_cpu_system_time": 273.38, "worker_func_cpu_user_time": 640.91, "worker_func_sent_net_io": 7797, "worker_func_recv_net_io": 6237, "worker_func_rss": 74305536, "worker_func_vms": 691912704, "worker_func_uss": 51941376, "worker_peak_memory_start": 54554624.0, "worker_func_start_tstamp": 1753123270.654088, "worker_func_end_tstamp": 1753123281.4307268, "worker_func_exec_time": 10.77663875, "func_result_size": 46.0, "worker_result_upload_time": 0.0, "worker_peak_memory_end": 122744832.0, "worker_end_tstamp": 1753123281.453615, "worker_exec_time": 11.85410428, "host_result_done_tstamp": 1753123283.0967793, "host_result_query_count": 0}, {"host_job_create_tstamp": 1753123260.996235, "host_job_serialize_time": 0.004442, "func_data_size_bytes": 260, "func_module_size_bytes": 1684, "host_func_upload_time": 0.271291, "host_data_upload_time": 0.280246, "host_job_created_time": 0.556295, "host_status_done_tstamp": 1753123282.204994, "host_status_query_count": 8, "worker_start_tstamp": 1753123269.664293, "host_submit_tstamp": 1753123261.5528028, "worker_cold_start": true, "worker_func_cpu_usage": [58.3, 77.1, 58.0, 90.5, 82.6, 72.5, 87.6, 95.7, 81.5, 97.6, 81.0, 86.3, 91.7, 75.5, 79.4, 80.0], "worker_func_cpu_system_time": 272.48, "worker_func_cpu_user_time": 633.34, "worker_func_sent_net_io": 7727, "worker_func_recv_net_io": 6237, "worker_func_rss": 73490432, "worker_func_vms": 691908608, "worker_func_uss": 51933184, "worker_peak_memory_start": 54681600.0, "worker_func_start_tstamp": 1753123270.7462957, "worker_func_end_tstamp": 1753123280.65215, "worker_func_exec_time": 9.90585423, "func_result_size": 46.0, "worker_result_upload_time": 0.0, "worker_peak_memory_end": 122347520.0, "worker_end_tstamp": 1753123280.6734016, "worker_exec_time": 11.00910854, "host_result_done_tstamp": 1753123283.0961993, "host_result_query_count": 0}, {"host_job_create_tstamp": 1753123260.996235, "host_job_serialize_time": 0.004442, "func_data_size_bytes": 260, "func_module_size_bytes": 1684, "host_func_upload_time": 0.271291, "host_data_upload_time": 0.280246, "host_job_created_time": 0.556295, "host_status_done_tstamp": 1753123282.2087567, "host_status_query_count": 8, "worker_start_tstamp": 1753123269.8628838, "host_submit_tstamp": 1753123261.5528028, "worker_cold_start": true, "worker_func_cpu_usage": [56.9, 79.3, 55.7, 87.9, 79.3, 71.8, 82.2, 96.5, 81.4, 98.4, 79.0, 85.2, 91.0, 73.6, 74.5, 81.9], "worker_func_cpu_system_time": 273.68, "worker_func_cpu_user_time": 643.47, "worker_func_sent_net_io": 7797, "worker_func_recv_net_io": 6237, "worker_func_rss": 73760768, "worker_func_vms": 691843072, "worker_func_uss": 52146176, "worker_peak_memory_start": 54591488.0, "worker_func_start_tstamp": 1753123270.8997688, "worker_func_end_tstamp": 1753123281.772155, "worker_func_exec_time": 10.87238622, "func_result_size": 46.0, "worker_result_upload_time": 0.0, "worker_peak_memory_end": 123006976.0, "worker_end_tstamp": 1753123281.788405, "worker_exec_time": 11.92552114, "host_result_done_tstamp": 1753123283.0987961, "host_result_query_count": 0}, {"host_job_create_tstamp": 1753123260.996235, "host_job_serialize_time": 0.004442, "func_data_size_bytes": 260, "func_module_size_bytes": 1684, "host_func_upload_time": 0.271291, "host_data_upload_time": 0.280246, "host_job_created_time": 0.556295, "host_status_done_tstamp": 1753123282.217238, "host_status_query_count": 8, "worker_start_tstamp": 1753123269.597977, "host_submit_tstamp": 1753123261.5528028, "worker_cold_start": true, "worker_func_cpu_usage": [56.9, 78.3, 55.6, 85.7, 77.6, 71.2, 81.5, 93.6, 80.2, 97.7, 79.5, 83.1, 89.4, 71.9, 73.5, 81.8], "worker_func_cpu_system_time": 274.02, "worker_func_cpu_user_time": 644.99, "worker_func_sent_net_io": 7797,